Dataset,Seed,AEVariant,Family,FamilyMetricCollapsed,CollapsedMetricValue,FamilyRowCountWithinSeed,MCC
NSL_KDD,7,DVAE,CAUCHY,0.791972586380508,0.791972586380508,36,0.791972586380508
NSL_KDD,7,DVAE,CONST,0.8207223537379283,0.8207223537379283,9,0.8207223537379283
NSL_KDD,7,DVAE,COSINE,0.7857432219537717,0.7857432219537717,36,0.7857432219537717
NSL_KDD,7,DVAE,EXPONENTIAL,0.7834760569677537,0.7834760569677537,36,0.7834760569677537
NSL_KDD,7,DVAE,FIBONACCI,0.7843334070744932,0.7843334070744932,36,0.7843334070744932
NSL_KDD,7,DVAE,LAPLACE,0.7976133645070621,0.7976133645070621,36,0.7976133645070621
NSL_KDD,7,DVAE,LINEAR,0.7875506096781195,0.7875506096781195,36,0.7875506096781195
NSL_KDD,7,DVAE,LOGISTIC,0.7870738108044278,0.7870738108044278,36,0.7870738108044278
NSL_KDD,7,DVAE,SIGMOID,0.7808063406300991,0.7808063406300991,36,0.7808063406300991
NSL_KDD,7,FF_DAE,CAUCHY,0.8555749704218604,0.8555749704218604,36,0.8555749704218604
NSL_KDD,7,FF_DAE,CONST,0.8217006498810441,0.8217006498810441,9,0.8217006498810441
NSL_KDD,7,FF_DAE,COSINE,0.848185848963418,0.848185848963418,36,0.848185848963418
NSL_KDD,7,FF_DAE,EXPONENTIAL,0.8488373052824784,0.8488373052824784,36,0.8488373052824784
NSL_KDD,7,FF_DAE,FIBONACCI,0.8360325257392653,0.8360325257392653,36,0.8360325257392653
NSL_KDD,7,FF_DAE,LAPLACE,0.8501542683310493,0.8501542683310493,36,0.8501542683310493
NSL_KDD,7,FF_DAE,LINEAR,0.8438670017438232,0.8438670017438232,36,0.8438670017438232
NSL_KDD,7,FF_DAE,LOGISTIC,0.8439869437553553,0.8439869437553553,36,0.8439869437553553
NSL_KDD,7,FF_DAE,SIGMOID,0.84580346060447,0.84580346060447,36,0.84580346060447
NSL_KDD,7,RES_DAE,CAUCHY,0.8452600651735709,0.8452600651735709,36,0.8452600651735709
NSL_KDD,7,RES_DAE,CONST,0.8393197695607415,0.8393197695607415,9,0.8393197695607415
NSL_KDD,7,RES_DAE,COSINE,0.8469163173267482,0.8469163173267482,36,0.8469163173267482
NSL_KDD,7,RES_DAE,EXPONENTIAL,0.8477822457663904,0.8477822457663904,36,0.8477822457663904
NSL_KDD,7,RES_DAE,FIBONACCI,0.8455768728966371,0.8455768728966371,36,0.8455768728966371
NSL_KDD,7,RES_DAE,LAPLACE,0.8454611295391639,0.8454611295391639,36,0.8454611295391639
NSL_KDD,7,RES_DAE,LINEAR,0.8450077347344133,0.8450077347344133,36,0.8450077347344133
NSL_KDD,7,RES_DAE,LOGISTIC,0.8456964860650952,0.8456964860650952,36,0.8456964860650952
NSL_KDD,7,RES_DAE,SIGMOID,0.8466848413581476,0.8466848413581476,36,0.8466848413581476
NSL_KDD,7,SPARSE_DAE,CAUCHY,0.8000145083023416,0.8000145083023416,36,0.8000145083023416
NSL_KDD,7,SPARSE_DAE,CONST,0.8000145083023416,0.8000145083023416,9,0.8000145083023416
NSL_KDD,7,SPARSE_DAE,COSINE,0.8000145083023416,0.8000145083023416,36,0.8000145083023416
NSL_KDD,7,SPARSE_DAE,EXPONENTIAL,0.7999483360260055,0.7999483360260055,36,0.7999483360260055
NSL_KDD,7,SPARSE_DAE,FIBONACCI,0.799947511691945,0.799947511691945,36,0.799947511691945
NSL_KDD,7,SPARSE_DAE,LAPLACE,0.7999483360260055,0.7999483360260055,36,0.7999483360260055
NSL_KDD,7,SPARSE_DAE,LINEAR,0.8000145083023416,0.8000145083023416,36,0.8000145083023416
NSL_KDD,7,SPARSE_DAE,LOGISTIC,0.8000145083023416,0.8000145083023416,36,0.8000145083023416
NSL_KDD,7,SPARSE_DAE,SIGMOID,0.8000145083023416,0.8000145083023416,36,0.8000145083023416
NSL_KDD,42,DVAE,CAUCHY,0.822067701165187,0.822067701165187,36,0.822067701165187
NSL_KDD,42,DVAE,CONST,0.8176569597861852,0.8176569597861852,9,0.8176569597861852
NSL_KDD,42,DVAE,COSINE,0.8177191525226327,0.8177191525226327,36,0.8177191525226327
NSL_KDD,42,DVAE,EXPONENTIAL,0.8264294271386619,0.8264294271386619,36,0.8264294271386619
NSL_KDD,42,DVAE,FIBONACCI,0.8266025919513036,0.8266025919513036,36,0.8266025919513036
NSL_KDD,42,DVAE,LAPLACE,0.8239666155910169,0.8239666155910169,36,0.8239666155910169
NSL_KDD,42,DVAE,LINEAR,0.8167873115628292,0.8167873115628292,36,0.8167873115628292
NSL_KDD,42,DVAE,LOGISTIC,0.8180248452926657,0.8180248452926657,36,0.8180248452926657
NSL_KDD,42,DVAE,SIGMOID,0.8186901881047186,0.8186901881047186,36,0.8186901881047186
NSL_KDD,42,FF_DAE,CAUCHY,0.8517928754269578,0.8517928754269578,36,0.8517928754269578
NSL_KDD,42,FF_DAE,CONST,0.8331805431771886,0.8331805431771886,9,0.8331805431771886
NSL_KDD,42,FF_DAE,COSINE,0.8501086653161778,0.8501086653161778,36,0.8501086653161778
NSL_KDD,42,FF_DAE,EXPONENTIAL,0.8517315602575262,0.8517315602575262,36,0.8517315602575262
NSL_KDD,42,FF_DAE,FIBONACCI,0.8517848915682689,0.8517848915682689,36,0.8517848915682689
NSL_KDD,42,FF_DAE,LAPLACE,0.8514555105356338,0.8514555105356338,36,0.8514555105356338
NSL_KDD,42,FF_DAE,LINEAR,0.8488738637365669,0.8488738637365669,36,0.8488738637365669
NSL_KDD,42,FF_DAE,LOGISTIC,0.8501490608640504,0.8501490608640504,36,0.8501490608640504
NSL_KDD,42,FF_DAE,SIGMOID,0.8499097579224117,0.8499097579224117,36,0.8499097579224117
NSL_KDD,42,RES_DAE,CAUCHY,0.8234123613476798,0.8234123613476798,36,0.8234123613476798
NSL_KDD,42,RES_DAE,CONST,0.8192045631629298,0.8192045631629298,9,0.8192045631629298
NSL_KDD,42,RES_DAE,COSINE,0.8233381398621764,0.8233381398621764,36,0.8233381398621764
NSL_KDD,42,RES_DAE,EXPONENTIAL,0.8290633160873864,0.8290633160873864,36,0.8290633160873864
NSL_KDD,42,RES_DAE,FIBONACCI,0.8269863392325205,0.8269863392325205,36,0.8269863392325205
NSL_KDD,42,RES_DAE,LAPLACE,0.8247001107318783,0.8247001107318783,36,0.8247001107318783
NSL_KDD,42,RES_DAE,LINEAR,0.8235478115744408,0.8235478115744408,36,0.8235478115744408
NSL_KDD,42,RES_DAE,LOGISTIC,0.8225812044415954,0.8225812044415954,36,0.8225812044415954
NSL_KDD,42,RES_DAE,SIGMOID,0.8225755174424482,0.8225755174424482,36,0.8225755174424482
NSL_KDD,42,SPARSE_DAE,CAUCHY,0.8008207277243209,0.8008207277243209,36,0.8008207277243209
NSL_KDD,42,SPARSE_DAE,CONST,0.8008207277243209,0.8008207277243209,9,0.8008207277243209
NSL_KDD,42,SPARSE_DAE,COSINE,0.8008207277243209,0.8008207277243209,36,0.8008207277243209
NSL_KDD,42,SPARSE_DAE,EXPONENTIAL,0.8008207277243209,0.8008207277243209,36,0.8008207277243209
NSL_KDD,42,SPARSE_DAE,FIBONACCI,0.8008195928002082,0.8008195928002082,36,0.8008195928002082
NSL_KDD,42,SPARSE_DAE,LAPLACE,0.8008207277243209,0.8008207277243209,36,0.8008207277243209
NSL_KDD,42,SPARSE_DAE,LINEAR,0.8008207277243209,0.8008207277243209,36,0.8008207277243209
NSL_KDD,42,SPARSE_DAE,LOGISTIC,0.8008207277243209,0.8008207277243209,36,0.8008207277243209
NSL_KDD,42,SPARSE_DAE,SIGMOID,0.8008207277243209,0.8008207277243209,36,0.8008207277243209
NSL_KDD,123,DVAE,CAUCHY,0.7899583355362109,0.7899583355362109,36,0.7899583355362109
NSL_KDD,123,DVAE,CONST,0.8141029966805291,0.8141029966805291,9,0.8141029966805291
NSL_KDD,123,DVAE,COSINE,0.7920119200801206,0.7920119200801206,36,0.7920119200801206
NSL_KDD,123,DVAE,EXPONENTIAL,0.7954114972067334,0.7954114972067334,36,0.7954114972067334
NSL_KDD,123,DVAE,FIBONACCI,0.8067040807031678,0.8067040807031678,36,0.8067040807031678
NSL_KDD,123,DVAE,LAPLACE,0.791772788623796,0.791772788623796,36,0.791772788623796
NSL_KDD,123,DVAE,LINEAR,0.7922728597632991,0.7922728597632991,36,0.7922728597632991
NSL_KDD,123,DVAE,LOGISTIC,0.7916364538307143,0.7916364538307143,36,0.7916364538307143
NSL_KDD,123,DVAE,SIGMOID,0.7909699696143747,0.7909699696143747,36,0.7909699696143747
NSL_KDD,123,FF_DAE,CAUCHY,0.8516737169783687,0.8516737169783687,36,0.8516737169783687
NSL_KDD,123,FF_DAE,CONST,0.8162020668211217,0.8162020668211217,9,0.8162020668211217
NSL_KDD,123,FF_DAE,COSINE,0.845266681508567,0.845266681508567,36,0.845266681508567
NSL_KDD,123,FF_DAE,EXPONENTIAL,0.8506182155298765,0.8506182155298765,36,0.8506182155298765
NSL_KDD,123,FF_DAE,FIBONACCI,0.8498101972820574,0.8498101972820574,36,0.8498101972820574
NSL_KDD,123,FF_DAE,LAPLACE,0.8490581061164577,0.8490581061164577,36,0.8490581061164577
NSL_KDD,123,FF_DAE,LINEAR,0.847163581635487,0.847163581635487,36,0.847163581635487
NSL_KDD,123,FF_DAE,LOGISTIC,0.8472571461141118,0.8472571461141118,36,0.8472571461141118
NSL_KDD,123,FF_DAE,SIGMOID,0.8459248471506211,0.8459248471506211,36,0.8459248471506211
NSL_KDD,123,RES_DAE,CAUCHY,0.8173268796073465,0.8173268796073465,36,0.8173268796073465
NSL_KDD,123,RES_DAE,CONST,0.8163113869533285,0.8163113869533285,9,0.8163113869533285
NSL_KDD,123,RES_DAE,COSINE,0.8144140986069437,0.8144140986069437,36,0.8144140986069437
NSL_KDD,123,RES_DAE,EXPONENTIAL,0.8187167205366717,0.8187167205366717,36,0.8187167205366717
NSL_KDD,123,RES_DAE,FIBONACCI,0.8176753226494682,0.8176753226494682,36,0.8176753226494682
NSL_KDD,123,RES_DAE,LAPLACE,0.8181460490023761,0.8181460490023761,36,0.8181460490023761
NSL_KDD,123,RES_DAE,LINEAR,0.8147234503907874,0.8147234503907874,36,0.8147234503907874
NSL_KDD,123,RES_DAE,LOGISTIC,0.8145215336427221,0.8145215336427221,36,0.8145215336427221
NSL_KDD,123,RES_DAE,SIGMOID,0.8148013984772964,0.8148013984772964,36,0.8148013984772964
NSL_KDD,123,SPARSE_DAE,CAUCHY,0.799300893517157,0.799300893517157,36,0.799300893517157
NSL_KDD,123,SPARSE_DAE,CONST,0.799300893517157,0.799300893517157,9,0.799300893517157
NSL_KDD,123,SPARSE_DAE,COSINE,0.799300893517157,0.799300893517157,36,0.799300893517157
NSL_KDD,123,SPARSE_DAE,EXPONENTIAL,0.799300893517157,0.799300893517157,36,0.799300893517157
NSL_KDD,123,SPARSE_DAE,FIBONACCI,0.799300893517157,0.799300893517157,36,0.799300893517157
NSL_KDD,123,SPARSE_DAE,LAPLACE,0.799300893517157,0.799300893517157,36,0.799300893517157
NSL_KDD,123,SPARSE_DAE,LINEAR,0.799300893517157,0.799300893517157,36,0.799300893517157
NSL_KDD,123,SPARSE_DAE,LOGISTIC,0.799300893517157,0.799300893517157,36,0.799300893517157
NSL_KDD,123,SPARSE_DAE,SIGMOID,0.799300893517157,0.799300893517157,36,0.799300893517157
